{
  "full": {
    "das": {
      "mean": 1.0,
      "sd": 0.0
    },
    "iss": {
      "mean": 1.0,
      "sd": 0.0
    },
    "spearman_r": {
      "mean": 0.5326102738776446,
      "sd": 0.2752158987883807
    },
    "rmse": {
      "mean": 0.2987236578963698,
      "sd": 0.09981179253047061
    },
    "ccc": {
      "mean": 0.5241960362797022,
      "sd": 0.27216253162064197
    },
    "cds_main": {
      "mean": 1.0601251639909874,
      "sd": 0.7138544213601034
    },
    "cds_interaction": {
      "mean": 0.8176202463454753,
      "sd": 0.6215448363797648
    },
    "cds": {
      "mean": 0.9388727051682312,
      "sd": 0.4254455211898284
    },
    "esr_main": {
      "a_comp": {
        "mean": 2.319194530012722,
        "sd": 1.1605748168310157
      },
      "a_ped": {
        "mean": 1.6890952624419904,
        "sd": 0.4755595825483704
      }
    },
    "esr_interaction": {
      "a_comp": {
        "mean": 1.3748784795666495,
        "sd": 0.980080632168269
      },
      "a_like": {
        "mean": 1.345355732690115,
        "sd": 0.9527416148046322
      }
    }
  },
  "context_blind": {
    "das": {
      "mean": 1.0,
      "sd": 0.0
    },
    "iss": {
      "mean": 0.0,
      "sd": 0.0
    },
    "spearman_r": {
      "mean": 0.2625916227634401,
      "sd": 0.3112368011009026
    },
    "rmse": {
      "mean": 0.41827063305792067,
      "sd": 0.12487828875958834
    },
    "ccc": {
      "mean": 0.24978540187861975,
      "sd": 0.28627711367524983
    },
    "cds_main": {
      "mean": 1.4625940708061012,
      "sd": 0.7201331412520484
    },
    "cds_interaction": {
      "mean": 1.0,
      "sd": 0.0
    },
    "cds": {
      "mean": 1.2312970354030506,
      "sd": 0.36006657062602426
    },
    "esr_main": {
      "a_comp": {
        "mean": 2.847046811666794,
        "sd": 0.9908618066103339
      },
      "a_ped": {
        "mean": 2.050623176417765,
        "sd": 0.5766218933338834
      }
    },
    "esr_interaction": {
      "a_comp": {
        "mean": 0.0,
        "sd": 0.0
      },
      "a_like": {
        "mean": 0.0,
        "sd": 0.0
      }
    }
  },
  "knowledge_only": {
    "das": {
      "mean": 1.0,
      "sd": 0.0
    },
    "iss": {
      "mean": 0.045,
      "sd": 0.14309088021254185
    },
    "spearman_r": {
      "mean": 0.7539410086391811,
      "sd": 0.0906292464887127
    },
    "rmse": {
      "mean": 0.38651273775380823,
      "sd": 0.13879317056105334
    },
    "ccc": {
      "mean": 0.5956210139507823,
      "sd": 0.13396119793437525
    },
    "cds_main": {
      "mean": 1.6465413043363513,
      "sd": 1.245126270382713
    },
    "cds_interaction": {
      "mean": 1.0,
      "sd": 1.3506446028928518e-16
    },
    "cds": {
      "mean": 1.3232706521681754,
      "sd": 0.6225631351913565
    },
    "esr_main": {
      "a_comp": {
        "mean": 3.283739284488482,
        "sd": 1.9469765036414965
      },
      "a_ped": {
        "mean": 1.628739123591464,
        "sd": 0.9657029774482232
      }
    },
    "esr_interaction": {
      "a_comp": {
        "mean": 1.343954187704137e-16,
        "sd": 2.352600236165348e-16
      },
      "a_like": {
        "mean": 0.0,
        "sd": 0.0
      }
    }
  },
  "motivation_only": {
    "das": {
      "mean": 0.965,
      "sd": 0.12757350822173072
    },
    "iss": {
      "mean": 1.0,
      "sd": 0.0
    },
    "spearman_r": {
      "mean": -0.08365669879250685,
      "sd": 0.26594218635817035
    },
    "rmse": {
      "mean": 0.5073825389832466,
      "sd": 0.09166403150933945
    },
    "ccc": {
      "mean": 0.0155662397285387,
      "sd": 0.24520320859639522
    },
    "cds_main": {
      "mean": 1.0684525547502959,
      "sd": 0.5639588098083507
    },
    "cds_interaction": {
      "mean": 1.7853786337242297,
      "sd": 1.4376919109039206
    },
    "cds": {
      "mean": 1.4269155942372629,
      "sd": 0.6716019221557977
    },
    "esr_main": {
      "a_comp": {
        "mean": 1.7768540991309993,
        "sd": 1.1001393683228857
      },
      "a_ped": {
        "mean": 2.031605212269637,
        "sd": 0.4798063029486026
      }
    },
    "esr_interaction": {
      "a_comp": {
        "mean": 2.6889308408964303,
        "sd": 1.667827640513293
      },
      "a_like": {
        "mean": 2.646944929503271,
        "sd": 1.5003223619532424
      }
    }
  }
}